fleet,agents,shortcut,seed,throughput_per_1000,mean_cycle_time,blocked_frac
human,40,False,0,593.0,67.0893760539629,0.1979442265000152
human,40,False,1,605.0,66.13223140495867,0.19038754958803783
human,40,False,2,592.0,67.3141891891892,0.1954096367229062
human,40,False,3,583.0,68.28301886792453,0.19989692909327916
human,40,False,4,599.0,66.45409015025042,0.19383528265107214
human,40,False,5,600.0,66.68333333333334,0.19179708909323429
human,40,True,0,607.0,65.83525535420098,0.18622714207082136
human,40,True,1,621.0,64.13526570048309,0.1666512957668542
human,40,True,2,599.0,66.72787979966611,0.18060170085652452
human,40,True,3,595.0,66.97142857142858,0.18978168863989284
human,40,True,4,604.0,66.14735099337749,0.18137419492689477
human,40,True,5,603.0,66.07794361525704,0.1782770620917028
human,60,False,0,679.0,88.0839469808542,0.3947848110981062
human,60,False,1,733.0,81.71896316507504,0.34515136167062765
human,60,False,2,691.0,86.81331403762663,0.37999807488689963
human,60,False,3,690.0,87.59420289855072,0.3799477365306279
human,60,False,4,702.0,85.12108262108262,0.37144677892785416
human,60,False,5,706.0,85.15439093484419,0.3789654573188392
human,60,True,0,767.0,78.48500651890483,0.31304671870709605
human,60,True,1,748.0,80.18983957219251,0.3112844269825446
human,60,True,2,692.0,86.89739884393063,0.3449345743963308
human,60,True,3,711.0,83.9957805907173,0.3442464161177838
human,60,True,4,723.0,84.10511756569848,0.33568143447633464
human,60,True,5,737.0,80.23066485753053,0.33423722200546235
human,80,False,0,699.0,116.10586552217454,0.5241146013117017
human,80,False,1,707.0,113.60396039603961,0.521196074082289
human,80,False,2,713.0,111.20196353436185,0.5313400576368876
human,80,False,3,695.0,116.44748201438848,0.5191664593870049
human,80,False,4,710.0,111.80704225352113,0.5352883323405965
human,80,False,5,719.0,111.64951321279555,0.509235487586561
human,80,True,0,722.0,109.80886426592798,0.4901208303786204
human,80,True,1,787.0,100.27445997458705,0.48181767086330934
human,80,True,2,778.0,103.73778920308483,0.5095578864817175
human,80,True,3,748.0,107.06417112299465,0.49312527889335117
human,80,True,4,688.0,115.95203488372093,0.5303683898620433
human,80,True,5,637.0,125.38775510204081,0.5433940041360231
human,100,False,0,650.0,147.67538461538462,0.6208898314161472
human,100,False,1,672.0,145.3095238095238,0.597351932852583
human,100,False,2,650.0,146.24461538461537,0.622043189546971
human,100,False,3,685.0,143.98394160583942,0.6232244050883362
human,100,False,4,773.0,128.39068564036222,0.5714893060370201
human,100,False,5,657.0,148.8675799086758,0.6199337187228521
human,100,True,0,670.0,147.04179104477612,0.6059712098536806
human,100,True,1,679.0,150.61855670103094,0.6105108479557438
human,100,True,2,705.0,138.02978723404254,0.6034211094323333
human,100,True,3,668.0,153.77994011976048,0.6389246343241968
human,100,True,4,744.0,135.1263440860215,0.6013650096724411
human,100,True,5,668.0,146.75449101796409,0.6181501323178209
human,120,False,0,529.0,210.19659735349717,0.7335133820796499
human,120,False,1,681.0,167.80176211453744,0.6533455771981563
human,120,False,2,625.0,181.4464,0.7043941411451398
human,120,False,3,638.0,176.83542319749216,0.7017728814154939
human,120,False,4,626.0,174.66453674121405,0.6747018657011539
human,120,False,5,583.0,190.16295025728988,0.7041339942129327
human,120,True,0,586.0,204.14505119453923,0.69751216779299
human,120,True,1,314.0,363.0732484076433,0.8065367265299175
human,120,True,2,400.0,260.375,0.7721088143022906
human,120,True,3,595.0,196.73949579831933,0.6926922537187763
human,120,True,4,566.0,214.13427561837455,0.6888879167031237
human,120,True,5,672.0,175.7157738095238,0.6795621532463638
amr,40,False,0,550.0,71.9309090909091,0.13040609441545198
amr,40,False,1,552.0,72.46739130434783,0.11864000957739734
amr,40,False,2,546.0,73.16483516483517,0.12982047375810257
amr,40,False,3,549.0,72.72131147540983,0.13016794898661796
amr,40,False,4,550.0,72.75818181818182,0.12863169863259627
amr,40,False,5,548.0,73.30839416058394,0.13432434049171502
amr,40,True,0,555.0,72.06306306306307,0.1273419467010402
amr,40,True,1,553.0,72.14828209764919,0.12833872320038328
amr,40,True,2,524.0,75.77290076335878,0.1325522764348213
amr,40,True,3,555.0,72.43963963963964,0.13483685220729366
amr,40,True,4,546.0,73.43956043956044,0.1310161227603123
amr,40,True,5,538.0,73.37546468401487,0.12414738033538855
amr,60,False,0,722.0,82.34903047091413,0.27721770269744267
amr,60,False,1,723.0,82.4536652835408,0.27693655118723237
amr,60,False,2,712.0,84.57022471910112,0.27887913493401545
amr,60,False,3,725.0,82.73379310344828,0.2870805956222542
amr,60,False,4,757.0,79.51254953764861,0.2722407371103705
amr,60,False,5,718.0,83.21866295264624,0.290617360599123
amr,60,True,0,701.0,85.48216833095577,0.23062927046435552
amr,60,True,1,698.0,86.30659025787966,0.237726148136694
amr,60,True,2,672.0,89.41517857142857,0.2323170145234202
amr,60,True,3,692.0,87.04190751445087,0.23349871619143225
amr,60,True,4,690.0,86.45942028985507,0.2261210459232938
amr,60,True,5,694.0,87.26801152737752,0.22309193869465221
amr,80,False,0,690.0,113.03768115942029,0.5317850271968554
amr,80,False,1,725.0,109.33241379310344,0.5223509128071078
amr,80,False,2,716.0,111.8645251396648,0.5261023540031943
amr,80,False,3,730.0,108.4945205479452,0.506114310414546
amr,80,False,4,712.0,112.62780898876404,0.524275080546606
amr,80,False,5,713.0,112.50210378681626,0.5278544768353429
amr,80,True,0,628.0,114.27388535031847,0.4903099982270229
amr,80,True,1,555.0,125.26846846846847,0.5284898750538561
amr,80,True,2,615.0,125.65528455284553,0.48647321915566705
amr,80,True,3,646.0,121.1780185758514,0.4598868973449631
amr,80,True,4,674.0,118.3427299703264,0.44590425824932517
amr,80,True,5,657.0,122.4185692541857,0.454684212697496
amr,100,False,0,657.0,145.63926940639269,0.6631682059893647
amr,100,False,1,648.0,148.88117283950618,0.6863617794405384
amr,100,False,2,632.0,150.34177215189874,0.6922804570570248
amr,100,False,3,694.0,143.3155619596542,0.6544026144073758
amr,100,False,4,679.0,143.1899852724595,0.6600306609375337
amr,100,False,5,710.0,139.74788732394367,0.6463426533245157
amr,100,True,0,141.0,176.09929078014184,0.8716425671486571
amr,100,True,1,116.0,126.77586206896552,0.9016592997615318
amr,100,True,2,92.0,179.5108695652174,0.9045181172026443
amr,100,True,3,278.0,188.74460431654677,0.7866234903566118
amr,100,True,4,185.0,166.25405405405405,0.8410534142518388
amr,100,True,5,174.0,191.45402298850576,0.841715321119388
amr,120,False,0,634.0,176.82965299684543,0.7555892517102758
amr,120,False,1,640.0,174.3796875,0.7455186055136606
amr,120,False,2,631.0,183.22187004754358,0.7554634081785698
amr,120,False,3,660.0,173.05757575757576,0.7437361664453298
amr,120,False,4,636.0,177.0738993710692,0.7552914604342571
amr,120,False,5,635.0,179.04251968503937,0.7515320629426205
amr,120,True,0,31.0,435.9032258064516,0.9460970498673914
amr,120,True,1,73.0,542.6575342465753,0.9239262894407483
amr,120,True,2,113.0,338.75221238938053,0.894646585147629
amr,120,True,3,68.0,192.0,0.9331655295754123
amr,120,True,4,104.0,394.3942307692308,0.8977959723772898
amr,120,True,5,108.0,251.42592592592592,0.8958842182829797
coordinated,40,False,0,619.0,64.97576736672052,0.17255106102826345
coordinated,40,False,1,654.0,60.981651376146786,0.13261972181597537
coordinated,40,False,2,644.0,62.20496894409938,0.14398391586761522
coordinated,40,False,3,640.0,62.0671875,0.1495909259947936
coordinated,40,False,4,650.0,61.472307692307695,0.14076328292395118
coordinated,40,False,5,635.0,62.76535433070866,0.15190342400197598
coordinated,40,True,0,654.0,61.69266055045872,0.14000372763419483
coordinated,40,True,1,634.0,62.62145110410095,0.1346855482035743
coordinated,40,True,2,633.0,63.358609794628755,0.14562897155901042
coordinated,40,True,3,633.0,62.74249605055292,0.14313937336008642
coordinated,40,True,4,642.0,62.506230529595015,0.14157046024327588
coordinated,40,True,5,632.0,62.927215189873415,0.1481527169555295
coordinated,60,False,0,812.0,73.83251231527093,0.28352338193809845
coordinated,60,False,1,815.0,73.44539877300613,0.28844472701263607
coordinated,60,False,2,817.0,73.48714810281518,0.27580921288370425
coordinated,60,False,3,770.0,78.1064935064935,0.2948843976093111
coordinated,60,False,4,813.0,73.44034440344403,0.2814604398005602
coordinated,60,False,5,820.0,72.53780487804877,0.27955812101910826
coordinated,60,True,0,801.0,74.66042446941323,0.27545254475880804
coordinated,60,True,1,819.0,73.12576312576313,0.26187777181154664
coordinated,60,True,2,809.0,73.82200247218789,0.26597602603794557
coordinated,60,True,3,796.0,76.10301507537689,0.27311738648947953
coordinated,60,True,4,836.0,71.83253588516746,0.2520002394301562
coordinated,60,True,5,837.0,71.50179211469533,0.2532680391764941
coordinated,80,False,0,817.0,97.84822521419828,0.41488472275361704
coordinated,80,False,1,921.0,87.17589576547232,0.37210109305419004
coordinated,80,False,2,869.0,91.26812428078252,0.4074465804330737
coordinated,80,False,3,848.0,94.99292452830188,0.3952317087090515
coordinated,80,False,4,833.0,95.937575030012,0.40244179766337873
coordinated,80,False,5,854.0,93.96135831381733,0.39960320858668036
coordinated,80,True,0,863.0,93.83429895712631,0.3944779933473239
coordinated,80,True,1,887.0,90.89515219842164,0.4011244334805806
coordinated,80,True,2,850.0,94.72470588235294,0.40777183600713013
coordinated,80,True,3,837.0,95.7168458781362,0.41675434356072455
coordinated,80,True,4,846.0,94.451536643026,0.4061298316575042
coordinated,80,True,5,896.0,90.47209821428571,0.3818239237471829
coordinated,100,False,0,739.0,131.5060893098782,0.542584755006763
coordinated,100,False,1,847.0,115.70365997638724,0.48978845940857235
coordinated,100,False,2,816.0,121.24632352941177,0.5094221036266002
coordinated,100,False,3,807.0,125.99008674101611,0.5173938387426724
coordinated,100,False,4,768.0,128.79947916666666,0.5542862145186352
coordinated,100,False,5,775.0,127.64774193548386,0.5328508709504363
coordinated,100,True,0,801.0,127.40699126092385,0.5231374185824281
coordinated,100,True,1,761.0,130.3166885676741,0.5446017080575759
coordinated,100,True,2,703.0,137.79658605974396,0.6030735241560804
coordinated,100,True,3,725.0,141.48689655172413,0.5775578635660941
coordinated,100,True,4,772.0,134.72668393782382,0.5517426567295046
coordinated,100,True,5,715.0,139.72167832167833,0.5820572967572382
coordinated,120,False,0,763.0,147.93446920052423,0.6262427942587163
coordinated,120,False,1,711.0,148.1153305203938,0.6514523930413404
coordinated,120,False,2,633.0,158.15955766192732,0.713770995602183
coordinated,120,False,3,749.0,161.51935914552737,0.620991773879838
coordinated,120,False,4,667.0,173.5457271364318,0.6442941718661372
coordinated,120,False,5,719.0,156.63699582753824,0.6098054058868059
coordinated,120,True,0,560.0,204.85,0.721594643623967
coordinated,120,True,1,631.0,190.80190174326466,0.6749000318482608
coordinated,120,True,2,707.0,168.2065063649222,0.6413372507122507
coordinated,120,True,3,442.0,260.31447963800906,0.7482992607742371
coordinated,120,True,4,674.0,169.5059347181009,0.6537280584988375
coordinated,120,True,5,687.0,169.45997088791847,0.6692153488619631
